-- Minimal catalog dump: BMW + Audi (12 models) for local development
-- MySQL format — converted to PostgreSQL by import_catalog.py

CREATE TABLE `marks` (
  `id` varchar(50) NOT NULL,
  `name` varchar(100) DEFAULT NULL,
  `cyrillic_name` varchar(100) DEFAULT NULL,
  `numeric_id` int(11) DEFAULT NULL,
  `year_from` int(11) DEFAULT NULL,
  `year_to` int(11) DEFAULT NULL,
  `popular` tinyint(1) DEFAULT 0,
  `country` varchar(50) DEFAULT NULL,
  `updated_at` timestamp DEFAULT NULL,
  PRIMARY KEY (`id`)
) ENGINE=InnoDB;

INSERT INTO `marks` (`id`, `name`, `cyrillic_name`, `numeric_id`, `year_from`, `popular`, `country`) VALUES
('AUDI', 'Audi', 'Ауди', 2, 1909, 1, 'Германия'),
('BMW', 'BMW', 'БМВ', 1, 1916, 1, 'Германия'),
('TOYOTA', 'Toyota', 'Тойота', 3, 1937, 1, 'Япония'),
('MERCEDES', 'Mercedes-Benz', 'Мерседес', 4, 1926, 1, 'Германия'),
('VOLKSWAGEN', 'Volkswagen', 'Фольксваген', 5, 1937, 1, 'Германия'),
('KIA', 'Kia', 'Киа', 6, 1944, 1, 'Корея'),
('HYUNDAI', 'Hyundai', 'Хёндай', 7, 1967, 1, 'Корея'),
('NISSAN', 'Nissan', 'Ниссан', 8, 1934, 1, 'Япония'),
('RENAULT', 'Renault', 'Рено', 9, 1899, 1, 'Франция'),
('SKODA', 'Skoda', 'Шкода', 10, 1895, 1, 'Чехия'),
('LADA', 'Lada', 'Лада', 11, 1966, 1, 'Россия');

CREATE TABLE `models` (
  `id` varchar(50) NOT NULL,
  `mark_id` varchar(50) DEFAULT NULL,
  `name` varchar(100) DEFAULT NULL,
  `cyrillic_name` varchar(100) DEFAULT NULL,
  `year_from` int(11) DEFAULT NULL,
  `year_to` int(11) DEFAULT NULL,
  `class` varchar(10) DEFAULT NULL,
  `updated_at` timestamp DEFAULT NULL,
  PRIMARY KEY (`id`)
) ENGINE=InnoDB;

INSERT INTO `models` (`id`, `mark_id`, `name`, `cyrillic_name`, `year_from`) VALUES
('AUDI_A3', 'AUDI', 'A3', 'А3', 1996),
('AUDI_A4', 'AUDI', 'A4', 'А4', 1994),
('AUDI_A6', 'AUDI', 'A6', 'А6', 1994),
('AUDI_Q5', 'AUDI', 'Q5', 'Ку5', 2008),
('AUDI_Q7', 'AUDI', 'Q7', 'Ку7', 2005),
('AUDI_RS6', 'AUDI', 'RS6', 'РС6', 2002),
('BMW_3ER', 'BMW', '3 серии', '3 серии', 1975),
('BMW_5ER', 'BMW', '5 серии', '5 серии', 1972),
('BMW_M3', 'BMW', 'M3', 'М3', 1986),
('BMW_X3', 'BMW', 'X3', 'Х3', 2003),
('BMW_X5', 'BMW', 'X5', 'Х5', 1999),
('BMW_X6', 'BMW', 'X6', 'Х6', 2008),
('TOYOTA_CAMRY', 'TOYOTA', 'Camry', 'Камри', 1982),
('TOYOTA_RAV4', 'TOYOTA', 'RAV4', 'РАВ4', 1994),
('TOYOTA_LAND_CRUISER', 'TOYOTA', 'Land Cruiser', 'Лэнд Крузер', 1951),
('TOYOTA_COROLLA', 'TOYOTA', 'Corolla', 'Королла', 1966),
('MERCEDES_C', 'MERCEDES', 'C-Класс', 'С-Класс', 1993),
('MERCEDES_E', 'MERCEDES', 'E-Класс', 'Е-Класс', 1993),
('MERCEDES_GLE', 'MERCEDES', 'GLE', 'ГЛЕ', 1997),
('MERCEDES_S', 'MERCEDES', 'S-Класс', 'С-Класс', 1972),
('VW_POLO', 'VOLKSWAGEN', 'Polo', 'Поло', 1975),
('VW_TIGUAN', 'VOLKSWAGEN', 'Tiguan', 'Тигуан', 2007),
('VW_PASSAT', 'VOLKSWAGEN', 'Passat', 'Пассат', 1973),
('KIA_RIO', 'KIA', 'Rio', 'Рио', 2000),
('KIA_SPORTAGE', 'KIA', 'Sportage', 'Спортейдж', 1993),
('KIA_SORENTO', 'KIA', 'Sorento', 'Соренто', 2002),
('HYUNDAI_SOLARIS', 'HYUNDAI', 'Solaris', 'Солярис', 2010),
('HYUNDAI_CRETA', 'HYUNDAI', 'Creta', 'Крета', 2015),
('HYUNDAI_TUCSON', 'HYUNDAI', 'Tucson', 'Туксон', 2004),
('NISSAN_QASHQAI', 'NISSAN', 'Qashqai', 'Кашкай', 2006),
('NISSAN_X_TRAIL', 'NISSAN', 'X-Trail', 'Икс-Трейл', 2000),
('RENAULT_LOGAN', 'RENAULT', 'Logan', 'Логан', 2004),
('RENAULT_DUSTER', 'RENAULT', 'Duster', 'Дастер', 2009),
('SKODA_OCTAVIA', 'SKODA', 'Octavia', 'Октавия', 1996),
('SKODA_KODIAQ', 'SKODA', 'Kodiaq', 'Кодиак', 2016),
('LADA_VESTA', 'LADA', 'Vesta', 'Веста', 2015),
('LADA_GRANTA', 'LADA', 'Granta', 'Гранта', 2011),
('LADA_XRAY', 'LADA', 'X-Ray', 'Х-Рей', 2015);

CREATE TABLE `generations` (
  `id` varchar(50) NOT NULL,
  `model_id` varchar(50) DEFAULT NULL,
  `mark_id` varchar(50) DEFAULT NULL,
  `name` varchar(100) DEFAULT NULL,
  `year_from` int(11) DEFAULT NULL,
  `year_to` int(11) DEFAULT NULL,
  `updated_at` timestamp DEFAULT NULL,
  PRIMARY KEY (`id`)
) ENGINE=InnoDB;

INSERT INTO `generations` (`id`, `model_id`, `mark_id`, `name`, `year_from`) VALUES
('GEN_AUDI_A3', 'AUDI_A3', 'AUDI', '8Y', 2020),
('GEN_AUDI_A4', 'AUDI_A4', 'AUDI', 'B9', 2016),
('GEN_AUDI_A6', 'AUDI_A6', 'AUDI', 'C8', 2018),
('GEN_AUDI_Q5', 'AUDI_Q5', 'AUDI', 'FY', 2017),
('GEN_AUDI_Q7', 'AUDI_Q7', 'AUDI', '4M', 2015),
('GEN_AUDI_RS6', 'AUDI_RS6', 'AUDI', 'C8', 2019),
('GEN_BMW_3ER', 'BMW_3ER', 'BMW', 'G20', 2019),
('GEN_BMW_5ER', 'BMW_5ER', 'BMW', 'G30', 2017),
('GEN_BMW_M3', 'BMW_M3', 'BMW', 'G80', 2021),
('GEN_BMW_X3', 'BMW_X3', 'BMW', 'G01', 2018),
('GEN_BMW_X5', 'BMW_X5', 'BMW', 'G05', 2019),
('GEN_BMW_X6', 'BMW_X6', 'BMW', 'G06', 2020),
('GEN_TOYOTA_CAMRY', 'TOYOTA_CAMRY', 'TOYOTA', 'XV70', 2017),
('GEN_TOYOTA_RAV4', 'TOYOTA_RAV4', 'TOYOTA', 'XA50', 2018),
('GEN_TOYOTA_LC', 'TOYOTA_LAND_CRUISER', 'TOYOTA', '300', 2021),
('GEN_TOYOTA_COROLLA', 'TOYOTA_COROLLA', 'TOYOTA', 'E210', 2018),
('GEN_MERCEDES_C', 'MERCEDES_C', 'MERCEDES', 'W206', 2021),
('GEN_MERCEDES_E', 'MERCEDES_E', 'MERCEDES', 'W213', 2016),
('GEN_MERCEDES_GLE', 'MERCEDES_GLE', 'MERCEDES', 'W167', 2019),
('GEN_MERCEDES_S', 'MERCEDES_S', 'MERCEDES', 'W223', 2020),
('GEN_VW_POLO', 'VW_POLO', 'VOLKSWAGEN', 'VI', 2020),
('GEN_VW_TIGUAN', 'VW_TIGUAN', 'VOLKSWAGEN', 'II', 2016),
('GEN_VW_PASSAT', 'VW_PASSAT', 'VOLKSWAGEN', 'B8', 2015),
('GEN_KIA_RIO', 'KIA_RIO', 'KIA', 'IV', 2017),
('GEN_KIA_SPORTAGE', 'KIA_SPORTAGE', 'KIA', 'IV', 2021),
('GEN_KIA_SORENTO', 'KIA_SORENTO', 'KIA', 'IV', 2020),
('GEN_HYUNDAI_SOLARIS', 'HYUNDAI_SOLARIS', 'HYUNDAI', 'II', 2017),
('GEN_HYUNDAI_CRETA', 'HYUNDAI_CRETA', 'HYUNDAI', 'II', 2021),
('GEN_HYUNDAI_TUCSON', 'HYUNDAI_TUCSON', 'HYUNDAI', 'IV', 2020),
('GEN_NISSAN_QASHQAI', 'NISSAN_QASHQAI', 'NISSAN', 'III', 2021),
('GEN_NISSAN_X_TRAIL', 'NISSAN_X_TRAIL', 'NISSAN', 'T33', 2021),
('GEN_RENAULT_LOGAN', 'RENAULT_LOGAN', 'RENAULT', 'III', 2018),
('GEN_RENAULT_DUSTER', 'RENAULT_DUSTER', 'RENAULT', 'II', 2021),
('GEN_SKODA_OCTAVIA', 'SKODA_OCTAVIA', 'SKODA', 'IV', 2019),
('GEN_SKODA_KODIAQ', 'SKODA_KODIAQ', 'SKODA', 'I', 2016),
('GEN_LADA_VESTA', 'LADA_VESTA', 'LADA', 'I', 2015),
('GEN_LADA_GRANTA', 'LADA_GRANTA', 'LADA', 'II', 2018),
('GEN_LADA_XRAY', 'LADA_XRAY', 'LADA', 'I', 2015);

CREATE TABLE `configurations` (
  `id` varchar(50) NOT NULL,
  `generation_id` varchar(50) DEFAULT NULL,
  `model_id` varchar(50) DEFAULT NULL,
  `mark_id` varchar(50) DEFAULT NULL,
  `name` varchar(100) DEFAULT NULL,
  `body_type` varchar(50) DEFAULT NULL,
  `doors_count` int(11) DEFAULT NULL,
  `updated_at` timestamp DEFAULT NULL,
  PRIMARY KEY (`id`)
) ENGINE=InnoDB;

INSERT INTO `configurations` (`id`, `generation_id`, `model_id`, `mark_id`, `name`, `body_type`, `doors_count`) VALUES
('CONF_AUDI_A3', 'GEN_AUDI_A3', 'AUDI_A3', 'AUDI', 'Хэтчбек 5 дв.', 'HATCHBACK', 5),
('CONF_AUDI_A4', 'GEN_AUDI_A4', 'AUDI_A4', 'AUDI', 'Седан', 'SEDAN', 4),
('CONF_AUDI_A6', 'GEN_AUDI_A6', 'AUDI_A6', 'AUDI', 'Седан', 'SEDAN', 4),
('CONF_AUDI_Q5', 'GEN_AUDI_Q5', 'AUDI_Q5', 'AUDI', 'Внедорожник 5 дв.', 'SUV', 5),
('CONF_AUDI_Q7', 'GEN_AUDI_Q7', 'AUDI_Q7', 'AUDI', 'Внедорожник 5 дв.', 'SUV', 5),
('CONF_AUDI_RS6', 'GEN_AUDI_RS6', 'AUDI_RS6', 'AUDI', 'Универсал', 'WAGON', 5),
('CONF_BMW_3ER', 'GEN_BMW_3ER', 'BMW_3ER', 'BMW', 'Седан', 'SEDAN', 4),
('CONF_BMW_5ER', 'GEN_BMW_5ER', 'BMW_5ER', 'BMW', 'Седан', 'SEDAN', 4),
('CONF_BMW_M3', 'GEN_BMW_M3', 'BMW_M3', 'BMW', 'Седан', 'SEDAN', 4),
('CONF_BMW_X3', 'GEN_BMW_X3', 'BMW_X3', 'BMW', 'Внедорожник 5 дв.', 'SUV', 5),
('CONF_BMW_X5', 'GEN_BMW_X5', 'BMW_X5', 'BMW', 'Внедорожник 5 дв.', 'SUV', 5),
('CONF_BMW_X6', 'GEN_BMW_X6', 'BMW_X6', 'BMW', 'Внедорожник 5 дв.', 'SUV', 5),
('CONF_TOYOTA_CAMRY', 'GEN_TOYOTA_CAMRY', 'TOYOTA_CAMRY', 'TOYOTA', 'Седан', 'SEDAN', 4),
('CONF_TOYOTA_RAV4', 'GEN_TOYOTA_RAV4', 'TOYOTA_RAV4', 'TOYOTA', 'Внедорожник 5 дв.', 'SUV', 5),
('CONF_TOYOTA_LC', 'GEN_TOYOTA_LC', 'TOYOTA_LAND_CRUISER', 'TOYOTA', 'Внедорожник 5 дв.', 'SUV', 5),
('CONF_TOYOTA_COROLLA', 'GEN_TOYOTA_COROLLA', 'TOYOTA_COROLLA', 'TOYOTA', 'Седан', 'SEDAN', 4),
('CONF_MERCEDES_C', 'GEN_MERCEDES_C', 'MERCEDES_C', 'MERCEDES', 'Седан', 'SEDAN', 4),
('CONF_MERCEDES_E', 'GEN_MERCEDES_E', 'MERCEDES_E', 'MERCEDES', 'Седан', 'SEDAN', 4),
('CONF_MERCEDES_GLE', 'GEN_MERCEDES_GLE', 'MERCEDES_GLE', 'MERCEDES', 'Внедорожник 5 дв.', 'SUV', 5),
('CONF_MERCEDES_S', 'GEN_MERCEDES_S', 'MERCEDES_S', 'MERCEDES', 'Седан', 'SEDAN', 4),
('CONF_VW_POLO', 'GEN_VW_POLO', 'VW_POLO', 'VOLKSWAGEN', 'Седан', 'SEDAN', 4),
('CONF_VW_TIGUAN', 'GEN_VW_TIGUAN', 'VW_TIGUAN', 'VOLKSWAGEN', 'Внедорожник 5 дв.', 'SUV', 5),
('CONF_VW_PASSAT', 'GEN_VW_PASSAT', 'VW_PASSAT', 'VOLKSWAGEN', 'Седан', 'SEDAN', 4),
('CONF_KIA_RIO', 'GEN_KIA_RIO', 'KIA_RIO', 'KIA', 'Седан', 'SEDAN', 4),
('CONF_KIA_SPORTAGE', 'GEN_KIA_SPORTAGE', 'KIA_SPORTAGE', 'KIA', 'Внедорожник 5 дв.', 'SUV', 5),
('CONF_KIA_SORENTO', 'GEN_KIA_SORENTO', 'KIA_SORENTO', 'KIA', 'Внедорожник 5 дв.', 'SUV', 5),
('CONF_HYUNDAI_SOLARIS', 'GEN_HYUNDAI_SOLARIS', 'HYUNDAI_SOLARIS', 'HYUNDAI', 'Седан', 'SEDAN', 4),
('CONF_HYUNDAI_CRETA', 'GEN_HYUNDAI_CRETA', 'HYUNDAI_CRETA', 'HYUNDAI', 'Внедорожник 5 дв.', 'SUV', 5),
('CONF_HYUNDAI_TUCSON', 'GEN_HYUNDAI_TUCSON', 'HYUNDAI_TUCSON', 'HYUNDAI', 'Внедорожник 5 дв.', 'SUV', 5),
('CONF_NISSAN_QASHQAI', 'GEN_NISSAN_QASHQAI', 'NISSAN_QASHQAI', 'NISSAN', 'Внедорожник 5 дв.', 'SUV', 5),
('CONF_NISSAN_X_TRAIL', 'GEN_NISSAN_X_TRAIL', 'NISSAN_X_TRAIL', 'NISSAN', 'Внедорожник 5 дв.', 'SUV', 5),
('CONF_RENAULT_LOGAN', 'GEN_RENAULT_LOGAN', 'RENAULT_LOGAN', 'RENAULT', 'Седан', 'SEDAN', 4),
('CONF_RENAULT_DUSTER', 'GEN_RENAULT_DUSTER', 'RENAULT_DUSTER', 'RENAULT', 'Внедорожник 5 дв.', 'SUV', 5),
('CONF_SKODA_OCTAVIA', 'GEN_SKODA_OCTAVIA', 'SKODA_OCTAVIA', 'SKODA', 'Лифтбэк', 'LIFTBACK', 5),
('CONF_SKODA_KODIAQ', 'GEN_SKODA_KODIAQ', 'SKODA_KODIAQ', 'SKODA', 'Внедорожник 5 дв.', 'SUV', 5),
('CONF_LADA_VESTA', 'GEN_LADA_VESTA', 'LADA_VESTA', 'LADA', 'Седан', 'SEDAN', 4),
('CONF_LADA_GRANTA', 'GEN_LADA_GRANTA', 'LADA_GRANTA', 'LADA', 'Седан', 'SEDAN', 4),
('CONF_LADA_XRAY', 'GEN_LADA_XRAY', 'LADA_XRAY', 'LADA', 'Хэтчбек 5 дв.', 'HATCHBACK', 5);

CREATE TABLE `modifications` (
  `id` varchar(50) NOT NULL,
  `configuration_id` varchar(50) DEFAULT NULL,
  `generation_id` varchar(50) DEFAULT NULL,
  `model_id` varchar(50) DEFAULT NULL,
  `mark_id` varchar(50) DEFAULT NULL,
  `name` varchar(100) DEFAULT NULL,
  `group_name` varchar(100) DEFAULT NULL,
  `offers_price_from` int(11) DEFAULT NULL,
  `offers_price_to` int(11) DEFAULT NULL,
  `is_closed` tinyint(1) DEFAULT 0,
  `updated_at` timestamp DEFAULT NULL,
  PRIMARY KEY (`id`)
) ENGINE=InnoDB;

INSERT INTO `modifications` (`id`, `configuration_id`, `generation_id`, `model_id`, `mark_id`, `name`) VALUES
('MOD_AUDI_A3', 'CONF_AUDI_A3', 'GEN_AUDI_A3', 'AUDI_A3', 'AUDI', '35 TFSI'),
('MOD_AUDI_A4', 'CONF_AUDI_A4', 'GEN_AUDI_A4', 'AUDI_A4', 'AUDI', '40 TFSI'),
('MOD_AUDI_A6', 'CONF_AUDI_A6', 'GEN_AUDI_A6', 'AUDI_A6', 'AUDI', '45 TFSI'),
('MOD_AUDI_Q5', 'CONF_AUDI_Q5', 'GEN_AUDI_Q5', 'AUDI_Q5', 'AUDI', '40 TFSI quattro'),
('MOD_AUDI_Q7', 'CONF_AUDI_Q7', 'GEN_AUDI_Q7', 'AUDI_Q7', 'AUDI', '55 TFSI quattro'),
('MOD_AUDI_RS6', 'CONF_AUDI_RS6', 'GEN_AUDI_RS6', 'AUDI_RS6', 'AUDI', '4.0 TFSI quattro'),
('MOD_BMW_3ER', 'CONF_BMW_3ER', 'GEN_BMW_3ER', 'BMW_3ER', 'BMW', '320i'),
('MOD_BMW_5ER', 'CONF_BMW_5ER', 'GEN_BMW_5ER', 'BMW_5ER', 'BMW', '530i'),
('MOD_BMW_M3', 'CONF_BMW_M3', 'GEN_BMW_M3', 'BMW_M3', 'BMW', 'Competition'),
('MOD_BMW_X3', 'CONF_BMW_X3', 'GEN_BMW_X3', 'BMW_X3', 'BMW', 'xDrive30i'),
('MOD_BMW_X5', 'CONF_BMW_X5', 'GEN_BMW_X5', 'BMW_X5', 'BMW', 'xDrive40i'),
('MOD_BMW_X6', 'CONF_BMW_X6', 'GEN_BMW_X6', 'BMW_X6', 'BMW', 'xDrive40i'),
('MOD_TOYOTA_CAMRY', 'CONF_TOYOTA_CAMRY', 'GEN_TOYOTA_CAMRY', 'TOYOTA_CAMRY', 'TOYOTA', '2.5 AT'),
('MOD_TOYOTA_RAV4', 'CONF_TOYOTA_RAV4', 'GEN_TOYOTA_RAV4', 'TOYOTA_RAV4', 'TOYOTA', '2.0 CVT AWD'),
('MOD_TOYOTA_LC', 'CONF_TOYOTA_LC', 'GEN_TOYOTA_LC', 'TOYOTA_LAND_CRUISER', 'TOYOTA', '3.3 AT 4WD'),
('MOD_TOYOTA_COROLLA', 'CONF_TOYOTA_COROLLA', 'GEN_TOYOTA_COROLLA', 'TOYOTA_COROLLA', 'TOYOTA', '1.6 CVT'),
('MOD_MERCEDES_C', 'CONF_MERCEDES_C', 'GEN_MERCEDES_C', 'MERCEDES_C', 'MERCEDES', 'C 200 AT'),
('MOD_MERCEDES_E', 'CONF_MERCEDES_E', 'GEN_MERCEDES_E', 'MERCEDES_E', 'MERCEDES', 'E 200 AT'),
('MOD_MERCEDES_GLE', 'CONF_MERCEDES_GLE', 'GEN_MERCEDES_GLE', 'MERCEDES_GLE', 'MERCEDES', 'GLE 350 4MATIC'),
('MOD_MERCEDES_S', 'CONF_MERCEDES_S', 'GEN_MERCEDES_S', 'MERCEDES_S', 'MERCEDES', 'S 450 AT'),
('MOD_VW_POLO', 'CONF_VW_POLO', 'GEN_VW_POLO', 'VW_POLO', 'VOLKSWAGEN', '1.6 AT'),
('MOD_VW_TIGUAN', 'CONF_VW_TIGUAN', 'GEN_VW_TIGUAN', 'VW_TIGUAN', 'VOLKSWAGEN', '2.0 TSI 4Motion'),
('MOD_VW_PASSAT', 'CONF_VW_PASSAT', 'GEN_VW_PASSAT', 'VW_PASSAT', 'VOLKSWAGEN', '1.8 TSI AT'),
('MOD_KIA_RIO', 'CONF_KIA_RIO', 'GEN_KIA_RIO', 'KIA_RIO', 'KIA', '1.6 AT'),
('MOD_KIA_SPORTAGE', 'CONF_KIA_SPORTAGE', 'GEN_KIA_SPORTAGE', 'KIA_SPORTAGE', 'KIA', '2.0 AT AWD'),
('MOD_KIA_SORENTO', 'CONF_KIA_SORENTO', 'GEN_KIA_SORENTO', 'KIA_SORENTO', 'KIA', '2.5 AT AWD'),
('MOD_HYUNDAI_SOLARIS', 'CONF_HYUNDAI_SOLARIS', 'GEN_HYUNDAI_SOLARIS', 'HYUNDAI_SOLARIS', 'HYUNDAI', '1.6 AT'),
('MOD_HYUNDAI_CRETA', 'CONF_HYUNDAI_CRETA', 'GEN_HYUNDAI_CRETA', 'HYUNDAI_CRETA', 'HYUNDAI', '2.0 AT AWD'),
('MOD_HYUNDAI_TUCSON', 'CONF_HYUNDAI_TUCSON', 'GEN_HYUNDAI_TUCSON', 'HYUNDAI_TUCSON', 'HYUNDAI', '2.5 AT AWD'),
('MOD_NISSAN_QASHQAI', 'CONF_NISSAN_QASHQAI', 'GEN_NISSAN_QASHQAI', 'NISSAN_QASHQAI', 'NISSAN', '1.3 DIG-T CVT'),
('MOD_NISSAN_X_TRAIL', 'CONF_NISSAN_X_TRAIL', 'GEN_NISSAN_X_TRAIL', 'NISSAN_X_TRAIL', 'NISSAN', '1.5 e-Power AWD'),
('MOD_RENAULT_LOGAN', 'CONF_RENAULT_LOGAN', 'GEN_RENAULT_LOGAN', 'RENAULT_LOGAN', 'RENAULT', '1.6 AT'),
('MOD_RENAULT_DUSTER', 'CONF_RENAULT_DUSTER', 'GEN_RENAULT_DUSTER', 'RENAULT_DUSTER', 'RENAULT', '1.3 TCe CVT AWD'),
('MOD_SKODA_OCTAVIA', 'CONF_SKODA_OCTAVIA', 'GEN_SKODA_OCTAVIA', 'SKODA_OCTAVIA', 'SKODA', '1.4 TSI AT'),
('MOD_SKODA_KODIAQ', 'CONF_SKODA_KODIAQ', 'GEN_SKODA_KODIAQ', 'SKODA_KODIAQ', 'SKODA', '2.0 TSI AT 4x4'),
('MOD_LADA_VESTA', 'CONF_LADA_VESTA', 'GEN_LADA_VESTA', 'LADA_VESTA', 'LADA', '1.6 MT'),
('MOD_LADA_GRANTA', 'CONF_LADA_GRANTA', 'GEN_LADA_GRANTA', 'LADA_GRANTA', 'LADA', '1.6 AT'),
('MOD_LADA_XRAY', 'CONF_LADA_XRAY', 'GEN_LADA_XRAY', 'LADA_XRAY', 'LADA', '1.6 MT');

CREATE TABLE `specifications` (
  `id` varchar(50) NOT NULL,
  `acceleration` varchar(50) DEFAULT NULL,
  `auto_class` varchar(50) DEFAULT NULL,
  `back_brake` varchar(100) DEFAULT NULL,
  `back_suspension` varchar(100) DEFAULT NULL,
  `back_wheel_base` varchar(50) DEFAULT NULL,
  `battery_capacity` varchar(50) DEFAULT NULL,
  `battery_capacity_useful` varchar(50) DEFAULT NULL,
  `battery_charge_cycles` varchar(50) DEFAULT NULL,
  `battery_temp` varchar(50) DEFAULT NULL,
  `body_size` varchar(50) DEFAULT NULL,
  `boot_volume` varchar(50) DEFAULT NULL,
  `charge_time` varchar(50) DEFAULT NULL,
  `charging_port_types` varchar(100) DEFAULT NULL,
  `clearance` varchar(50) DEFAULT NULL,
  `compression` varchar(50) DEFAULT NULL,
  `consumption` varchar(50) DEFAULT NULL,
  `consumption_calc` varchar(50) DEFAULT NULL,
  `consumption_kwt` varchar(50) DEFAULT NULL,
  `consumption_mixed` varchar(50) DEFAULT NULL,
  `country` varchar(50) DEFAULT NULL,
  `cylinders_order` varchar(50) DEFAULT NULL,
  `cylinders_value` varchar(50) DEFAULT NULL,
  `diameter` varchar(50) DEFAULT NULL,
  `disk_size` varchar(50) DEFAULT NULL,
  `displacement` varchar(50) DEFAULT NULL,
  `doors_count` varchar(50) DEFAULT NULL,
  `electric_range` varchar(50) DEFAULT NULL,
  `emission_euro_class` varchar(50) DEFAULT NULL,
  `engine_feeding` varchar(50) DEFAULT NULL,
  `engine_list` varchar(100) DEFAULT NULL,
  `engine_list1` varchar(100) DEFAULT NULL,
  `engine_order` varchar(50) DEFAULT NULL,
  `engine_type` varchar(50) DEFAULT NULL,
  `ev_battery_type` varchar(50) DEFAULT NULL,
  `feeding` varchar(50) DEFAULT NULL,
  `front_brake` varchar(100) DEFAULT NULL,
  `front_suspension` varchar(100) DEFAULT NULL,
  `front_wheel_base` varchar(50) DEFAULT NULL,
  `fuel_emission` varchar(50) DEFAULT NULL,
  `full_weight` varchar(50) DEFAULT NULL,
  `gear_type` varchar(50) DEFAULT NULL,
  `gear_value` varchar(50) DEFAULT NULL,
  `height` varchar(50) DEFAULT NULL,
  `landing_wheels_size` varchar(50) DEFAULT NULL,
  `max_power` varchar(50) DEFAULT NULL,
  `max_power_in` varchar(50) DEFAULT NULL,
  `max_speed` varchar(50) DEFAULT NULL,
  `moment` varchar(50) DEFAULT NULL,
  `origin_tires_size` varchar(50) DEFAULT NULL,
  `petrol_type` varchar(50) DEFAULT NULL,
  `power` varchar(50) DEFAULT NULL,
  `quickcharge_description` varchar(100) DEFAULT NULL,
  `quickcharge_time` varchar(50) DEFAULT NULL,
  `seats` varchar(50) DEFAULT NULL,
  `steering_wheel` varchar(50) DEFAULT NULL,
  `tank_volume` varchar(50) DEFAULT NULL,
  `total_range` varchar(50) DEFAULT NULL,
  `transmission` varchar(50) DEFAULT NULL,
  `valves` varchar(50) DEFAULT NULL,
  `valvetrain` varchar(50) DEFAULT NULL,
  `weight` varchar(50) DEFAULT NULL,
  `wheel_base` varchar(50) DEFAULT NULL,
  `width` varchar(50) DEFAULT NULL,
  `updated_at` timestamp DEFAULT NULL,
  PRIMARY KEY (`id`)
) ENGINE=InnoDB;

INSERT INTO `specifications` (`id`, `engine_type`, `transmission`, `power`, `displacement`, `seats`) VALUES
('MOD_AUDI_A3', 'GASOLINE', 'ROBOT', '150', '1395', '5'),
('MOD_AUDI_A4', 'GASOLINE', 'ROBOT', '190', '1984', '5'),
('MOD_AUDI_A6', 'GASOLINE', 'ROBOT', '245', '1984', '5'),
('MOD_AUDI_Q5', 'GASOLINE', 'ROBOT', '204', '1984', '5'),
('MOD_AUDI_Q7', 'GASOLINE', 'ROBOT', '340', '2995', '7'),
('MOD_AUDI_RS6', 'GASOLINE', 'ROBOT', '600', '3996', '5'),
('MOD_BMW_3ER', 'GASOLINE', 'ROBOT', '184', '1998', '5'),
('MOD_BMW_5ER', 'GASOLINE', 'ROBOT', '252', '1998', '5'),
('MOD_BMW_M3', 'GASOLINE', 'ROBOT', '510', '2993', '5'),
('MOD_BMW_X3', 'GASOLINE', 'ROBOT', '252', '1998', '5'),
('MOD_BMW_X5', 'GASOLINE', 'ROBOT', '340', '2998', '5'),
('MOD_BMW_X6', 'GASOLINE', 'ROBOT', '340', '2998', '5'),
('MOD_TOYOTA_CAMRY', 'GASOLINE', 'AUTOMATIC', '181', '2487', '5'),
('MOD_TOYOTA_RAV4', 'GASOLINE', 'VARIATOR', '149', '1987', '5'),
('MOD_TOYOTA_LC', 'DIESEL', 'AUTOMATIC', '309', '3345', '7'),
('MOD_TOYOTA_COROLLA', 'GASOLINE', 'VARIATOR', '122', '1598', '5'),
('MOD_MERCEDES_C', 'GASOLINE', 'AUTOMATIC', '204', '1496', '5'),
('MOD_MERCEDES_E', 'GASOLINE', 'AUTOMATIC', '197', '1991', '5'),
('MOD_MERCEDES_GLE', 'GASOLINE', 'AUTOMATIC', '333', '2996', '5'),
('MOD_MERCEDES_S', 'GASOLINE', 'AUTOMATIC', '367', '2999', '5'),
('MOD_VW_POLO', 'GASOLINE', 'AUTOMATIC', '110', '1598', '5'),
('MOD_VW_TIGUAN', 'GASOLINE', 'ROBOT', '190', '1984', '5'),
('MOD_VW_PASSAT', 'GASOLINE', 'ROBOT', '180', '1798', '5'),
('MOD_KIA_RIO', 'GASOLINE', 'AUTOMATIC', '123', '1591', '5'),
('MOD_KIA_SPORTAGE', 'GASOLINE', 'AUTOMATIC', '150', '1999', '5'),
('MOD_KIA_SORENTO', 'GASOLINE', 'AUTOMATIC', '180', '2497', '7'),
('MOD_HYUNDAI_SOLARIS', 'GASOLINE', 'AUTOMATIC', '123', '1591', '5'),
('MOD_HYUNDAI_CRETA', 'GASOLINE', 'AUTOMATIC', '150', '1999', '5'),
('MOD_HYUNDAI_TUCSON', 'GASOLINE', 'AUTOMATIC', '180', '2497', '5'),
('MOD_NISSAN_QASHQAI', 'GASOLINE', 'VARIATOR', '158', '1332', '5'),
('MOD_NISSAN_X_TRAIL', 'HYBRID', 'VARIATOR', '204', '1497', '5'),
('MOD_RENAULT_LOGAN', 'GASOLINE', 'AUTOMATIC', '113', '1598', '5'),
('MOD_RENAULT_DUSTER', 'GASOLINE', 'VARIATOR', '150', '1333', '5'),
('MOD_SKODA_OCTAVIA', 'GASOLINE', 'ROBOT', '150', '1395', '5'),
('MOD_SKODA_KODIAQ', 'GASOLINE', 'ROBOT', '190', '1984', '7'),
('MOD_LADA_VESTA', 'GASOLINE', 'MANUAL', '106', '1596', '5'),
('MOD_LADA_GRANTA', 'GASOLINE', 'AUTOMATIC', '106', '1596', '5'),
('MOD_LADA_XRAY', 'GASOLINE', 'MANUAL', '106', '1596', '5');
